{"cameraMode":{"drawMode":0,"name":"Shaded","section":"Shading Mode"},"sceneLighting":true,"audioPlay":false,"sceneViewState":{"showFog":true,"showMaterialUpdate":false,"showSkybox":true,"showFlares":true,"showImageEffects":true,"showParticleSystems":true},"in2DMode":false,"pivot":{"x":1.6819815635681153,"y":4.37837028503418,"z":-1.3090217113494874},"rotation":{"x":0.4753393232822418,"y":0.5224242806434631,"z":-0.4660211503505707,"w":0.532869279384613},"size":23.816179275512697,"orthographic":false}