{"cameraMode":{"drawMode":0,"name":"Shaded","section":"Shading Mode"},"sceneLighting":false,"audioPlay":false,"sceneViewState":{"showFog":true,"showMaterialUpdate":false,"showSkybox":true,"showFlares":true,"showImageEffects":true,"showParticleSystems":true},"in2DMode":false,"pivot":{"x":0.18556447327136994,"y":-0.15340270102024079,"z":-0.009103447198867798},"rotation":{"x":0.4430539906024933,"y":-0.0010724207386374474,"z":0.0005295912269502878,"w":0.8964941501617432},"size":0.41667258739471438,"orthographic":false}