{"cameraMode":{"drawMode":0,"name":"Shaded","section":"Shading Mode"},"sceneLighting":false,"audioPlay":false,"sceneViewState":{"showFog":true,"showMaterialUpdate":false,"showSkybox":false,"showFlares":true,"showImageEffects":true,"showParticleSystems":true},"in2DMode":false,"pivot":{"x":-6.143738746643066,"y":-0.8961524963378906,"z":-7.036443710327148},"rotation":{"x":0.1399831473827362,"y":-0.3951466977596283,"z":0.061047691851854327,"w":0.9058758616447449},"size":65.58563232421875,"orthographic":false}