{"cameraMode":{"drawMode":0,"name":"Shaded","section":"Shading Mode"},"sceneLighting":true,"audioPlay":false,"sceneViewState":{"showFog":true,"showMaterialUpdate":false,"showSkybox":true,"showFlares":true,"showImageEffects":true,"showParticleSystems":true},"in2DMode":false,"pivot":{"x":-6.301420211791992,"y":406.09014892578127,"z":-486.24969482421877},"rotation":{"x":-0.19641657173633576,"y":0.053500961512327197,"z":-0.010869096033275128,"w":-0.9790440797805786},"size":9.18083381652832,"orthographic":false}